shahid raza,amanbabu676@gmail.com,finding a job
aman,amanbabu676@gmail.com,finding a job
aman,amanbabu676@gmail.com,finding job
aman,amanbabu676@gmail.com,finding a job
aman,amanbabu676@gmail.com,finding a job
aman,amanbabu676@gmail.com,finding a job
aman,amanbabu676@gmail.com,dhshd;sj
aman,amanbabu676@gmail.com,dhshd;sj
s,amanbabu676@gmail.com,ss
s,amanbabu676@gmail.com,ss
s,amanbabu676@gmail.com,huhg
dd,amanbabu676@gmail.com,d
dd,amanbabu676@gmail.com,sS
dd,amanbabu676@gmail.com,wfwv
dd,amanbabu676@gmail.com,xad
dd,amanbabu676@gmail.com,finding a job
dd,amanbabu676@gmail.com,ass
aman,amanbabu676@gmail.com,da
aman,amanbabu676@gmail.com,ass
aman,amanbabu676@gmail.com,as
aman,amanbabu676@gmail.com,as
aman,amanbabu676@gmail.com,as
aman,amanbabu676@gmail.com,as
aman,amanbabu676@gmail.com,sss
aman,amanbabu676@gmail.com,aaaa
aman,amanbabu676@gmail.com,dddd
aman,amanbabu676@gmail.com,dddd
aman,amanbabu676@gmail.com,dddd
aman,amanbabu676@gmail.com,dddd
aman,amanbabu676@gmail.com,dddd
aman,amanbabu676@gmail.com,dddd
aman,amanbabu676@gmail.com,dddd
aman,amanbabu676@gmail.com,aa
aman,amanbabu676@gmail.com,aa
taha,amanbabu676@gmail.com,fbdkcdmxl;
aman,amanbabu676@gmail.com,snwisdj
aman,amanbabu676@gmail.com,sdxcx
aman,amanbabu676@gmail.com,shgu
taha,amanbabu676@gmail.com,ttt
taha,amanbabu676@gmail.com,hdbuyd,983522344
taha,amanbabu676@gmail.com,knkn,983522344
taha,amanbabu676@gmail.com,knkn,983522344
s,amanbabu676@gmail.com,ds,983522344
s,amanbabu676@gmail.com,ds,983522344
s,amanbabu676@gmail.com,ds,983522344
s,amanbabu676@gmail.com,ds,983522344
s,amanbabu676@gmail.com,ds,983522344
s,amanbabu676@gmail.com,ds,983522344
s,amanbabu676@gmail.com,ds,983522344
taha,amanbabu676@gmail.com,nkk,983522344
s,amanbabu676@gmail.com,ds,983522344
e,amanbabu676@gmail.com,da,983522344
ehwuh,amanbabu676@gmail.com,kqqka,983522344
ehwuh,amanbabu676@gmail.com,hgfkh,983522344
ehwuh,amanbabu676@gmail.com,hgfkh,983522344
taha,amanbabu676@gmail.com,sdkwsjdo,983522344
taha,amanbabu676@gmail.com,sisk,983522344
taha,amanbabu676@gmail.com,wddw,983522344
aman,amanbabu676@gmail.com,dad,983522344
aman,amanbabu676@gmail.com,osos,983522344
